{
    "name":"earth95s",
    "vendorId":"0x4144",
    "productId":"0x0003",
    "matrix":{"cols":9,"rows":12},
    "layouts":{
        "keymap":[
            [{"c":"#fff0f0"},"0,0",{"x":0.25},"0,1","0,2","0,3","0,4",{"x":0.25},"0,5",{"c":"#ffa8a8"},"0,6",{"x":1.5,"c":"#a3dfff"},"6,0",{"c":"#edf9ff"},"6,1","6,2","6,3",{"x":0.25},"6,4","6,5","6,6","6,7",{"x":0.25,"c":"#bbbbbb"},"6,8\n\n\n\n\n\n\n\n\ne0"],
            [{"y":0.25,"c":"#fff0f0"},"1,0","1,1","1,2","1,3","1,4","1,5",{"c":"#ffa8a8"},"1,6",{"x":1.5,"c":"#a3dfff"},"7,0",{"c":"#edf9ff"},"7,1","7,2","7,3","7,4","7,5","7,6","7,7","7,8","8,8"],
            [{"c":"#fff0f0","w":1.5},"2,0","2,1","2,2","2,3","2,4","2,5",{"c":"#ffa8a8"},"2,6",{"x":1.5,"c":"#a3dfff"},"8,0",{"c":"#edf9ff"},"8,1","8,2","8,3","8,4","8,5","8,6","8,7",{"x":0.25,"w":1.25,"h":2,"w2":1.5,"h2":1,"x2":-0.25},"9,8"],
            [{"c":"#fff0f0","w":1.75},"3,0","3,1","3,2","3,3","3,4","3,5",{"c":"#ffa8a8"},"3,6",{"x":1.5,"c":"#a3dfff"},"9,0",{"c":"#edf9ff"},"9,1","9,2","9,3","9,4","9,5","9,6","9,7"],
            [{"c":"#fff0f0","w":2},"4,0","4,1","4,2","4,3","4,4","4,5",{"c":"#ffa8a8"},"4,6",{"x":1.5,"c":"#a3dfff"},"10,0",{"c":"#edf9ff"},"10,1","10,2","10,3","10,4","10,5","10,6","10,7","10,8"],
            [{"c":"#fff0f0","w":1.25},"5,0","5,1",{"w":1.25},"5,2","5,3",{"w":1.25},"5,4","5,5",{"c":"#ffa8a8"},"5,6",{"x":1.5,"c":"#a3dfff"},"11,0",{"c":"#edf9ff"},"11,1",{"w":1.25},"11,2",{"w":1.25},"11,3",{"w":1.25},"11,4",{"x":0.5},"11,5","11,6","11,7"]
        ]
    }
}